model,fold,MAE,RMSE,MAPE,Direction
Drift,2020,255.98232708604706,412.86882581260045,2.398945911171834,57.650273224043715
Drift,2021,1396.5759761348809,1866.705700197307,3.052933437365448,53.15068493150685
Drift,2022,656.4756109941549,1022.2839038432329,2.29335380618991,48.21917808219178
Drift,2023,440.0310269881735,650.020459727989,1.5281337602156806,50.68493150684932
Drift,2024,1318.5824015077164,1832.8191261083443,1.999288212538708,52.732240437158474
Drift,2025,1578.9770232110916,2144.650771218926,1.5893997681859724,50.68493150684932
Drift,2026,1366.884594432535,1935.2097383170458,1.8327006407006998,47.55244755244755
LSTM (2023 design),2020,976.7109024152153,1693.38989263489,7.553343694900152,47.81420765027322
LSTM (2023 design),2021,20751.683295945204,21943.72918200582,42.500766409822575,46.849315068493155
LSTM (2023 design),2022,2309.4632878864727,2961.781922938304,8.296223761177917,53.42465753424658
LSTM (2023 design),2023,1805.612806046575,2289.1084798115317,6.245239592324532,48.76712328767123
LSTM (2023 design),2024,7646.062443355874,9476.646292020348,10.685215558872988,48.36065573770492
LSTM (2023 design),2025,8234.32989169863,9580.862578215108,7.7702796335998805,51.50684931506849
LSTM (2023 design),2026,4625.33084198951,6647.135583607649,6.335826495485576,47.55244755244755
LSTM (returns),2020,254.90920792783498,409.9106047096545,2.3970829384325176,57.103825136612016
LSTM (returns),2021,1402.4738533219058,1872.5613668584135,3.0605601403643483,52.32876712328767
LSTM (returns),2022,656.0341491875613,1028.2060584934013,2.2899537798315555,51.50684931506849
LSTM (returns),2023,445.6518294663362,651.0751717238738,1.5488434527635164,49.589041095890416
LSTM (returns),2024,1314.8436479026504,1826.7936570076613,1.992962742077907,52.18579234972678
LSTM (returns),2025,1579.8803532346424,2149.5704613943717,1.5895282023641495,50.95890410958904
LSTM (returns),2026,1363.517246133258,1924.1076296600709,1.8262270963851284,49.65034965034965
Naive,2020,259.1013030601092,416.89642217338456,2.4170211247328806,
Naive,2021,1396.6363869287673,1863.5422493185088,3.051486949419703,
Naive,2022,652.265388909589,1013.842283688414,2.2716509029318726,
Naive,2023,438.04471257808217,652.7986990319105,1.5196637306568754,
Naive,2024,1318.8370174234979,1836.4477930432922,1.998719117814033,
Naive,2025,1571.0835112657544,2134.85912868537,1.580221564856783,
Naive,2026,1357.7046517972033,1925.410431458629,1.8199623773583178,
Ridge,2020,257.25156313952976,413.33320568162475,2.411792954486575,57.377049180327866
Ridge,2021,1396.3051995838437,1866.5115239122683,3.052533664740805,53.15068493150685
Ridge,2022,656.666422841595,1022.9544857721453,2.293846077691408,48.21917808219178
Ridge,2023,440.10284130925487,650.1897907327196,1.5283973354141915,50.68493150684932
Ridge,2024,1318.1236708285207,1832.9981503500933,1.998432958300677,52.732240437158474
Ridge,2025,1578.5268629069217,2144.289160004815,1.5889198462703855,50.68493150684932
Ridge,2026,1365.9798204450985,1933.5916009323262,1.8313921124173733,47.55244755244755
